<assembly
	xmlns="http://maven.apache.org/plugins/maven-assembly-plugin/assembly/1.1.2"
	xmlns:xsi="http://www.w3.org/2001/XMLSchema-instance"
	xsi:schemaLocation="http://maven.apache.org/plugins/maven-assembly-plugin/assembly/1.1.2 http://maven.apache.org/xsd/assembly-1.1.2.xsd">
	<id>authentify-automation</id>
	<formats>
		<format>zip</format>
	</formats>
	<includeBaseDirectory>false</includeBaseDirectory>
	<moduleSets>
	  <moduleSet>
	    <useAllReactorProjects>true</useAllReactorProjects>
	    <includes>
	      <include>authentication</include>
	      <include>jira-rest-client</include>
	    </includes>
	  </moduleSet>
	</moduleSets>
	<fileSets>
		<fileSet>
			<directory>../authentication/src/main/resources/conf/</directory>
			<outputDirectory>/conf</outputDirectory>
			<includes>
				<include>*.properties</include>
				<include>*.xml</include>
				<include>*.json</include>
				<include>*.config</include>
			</includes>
			<fileMode>0400</fileMode>
			<directoryMode>2770</directoryMode>
		</fileSet>
		<fileSet>
			<directory>../jira-rest-client/src/main/resources/</directory>
			<outputDirectory>/conf</outputDirectory>
			<includes>
				<include>*.properties</include>
				<include>*.xml</include>
				<include>*.json</include>
				<include>*.config</include>
			</includes>
			<fileMode>0400</fileMode>
			<directoryMode>2770</directoryMode>
		</fileSet>
		
		<fileSet>
			<directory>../authentication/src/main/resources/bin/</directory>
			<outputDirectory>/bin</outputDirectory>
			<includes>
				<include>*.sh</include>
				<include>*.bat</include>
			</includes>
			<fileMode>0750</fileMode>
			<directoryMode>2770</directoryMode>
		</fileSet>
		<fileSet>
		  <directory>../authentication/src/main/resources/files/</directory>
		  <outputDirectory>/files</outputDirectory>
		  <includes>
		  	<include>*.*</include>
		  </includes>
		</fileSet>
		<!-- fileSet>
			<directory>target</directory>
			<outputDirectory>/lib</outputDirectory>
			<includes>
				<include>/*.jar</include>
			</includes>
			<fileMode>0644</fileMode>
		</fileSet -->
		<fileSet>
			<directory>../authentication/src/test/resources/features</directory>
			<outputDirectory>/features</outputDirectory>
			<includes>
				<include></include>
			</includes>
		</fileSet>
		
	</fileSets>
	<dependencySets>
		<dependencySet>
			<outputDirectory>/lib</outputDirectory>
			<outputFileNameMapping>${artifact.artifactId}.${artifact.extension}
			</outputFileNameMapping>
			<useProjectArtifact>false</useProjectArtifact>
			<useTransitiveDependencies>true</useTransitiveDependencies>
			<unpack>false</unpack>
			<scope>runtime</scope>
			<fileMode>0644</fileMode>
		</dependencySet>
	</dependencySets>
</assembly>