<?xml version="1.0" encoding="UTF-8"?>
<Configuration status="INFO">
	<Appenders>
		<Console name="STDOUT">
			<PatternLayout pattern="%d{HH:mm:ss.SSS} [%t] %-5level %l - %msg%n"/>
		</Console>
		<File name="File" fileName="../logs/test-automation-${date:yyyyMMddhhmm}.log">
			<PatternLayout pattern="%d{HH:mm:ss.SSS} [%t] %-5level %l - %msg%n"/>
		</File>
	</Appenders>
	<Loggers>
		<Root level="debug">
			<AppenderRef ref="STDOUT"/>
			<AppenderRef ref="File"/>
		</Root>
	</Loggers>
</Configuration>