<?xml version="1.0" encoding="UTF-8"?>
<project name="Authentify Cucumber Testing Framework">
	<bannerLeft>
		<name>Authentify Cucumber Testing Framework"</name>
		<src>http://maven.apache.org/images/apache-maven-project-2.png</src>
		<href>http://maven.apache.org</href>
	</bannerLeft>
	<bannerRight>
		<src>http://maven.apache.org/images/maven-logo-2.gif</src>
	</bannerRight>
	<poweredBy>
		<logo name="Maven" href="httpL//maven.apache.org/" img="http://maven.apache.org/images/logos/maven-feather.png"/>
	</poweredBy>
	<publishDate position="right"/>
	<version position="right"/>
	<body>
		<menu name="Overview">
			<item name="Home" href="index.html"/>
			<item name="Dependencies" href="dependencies.html"/>
			<item name="Dependency Convergence" href="dependency-convergence.html"/>
			<item name="Dependency Information" href="dependency-info.html"/>
			<item name="Dependency Management" href="dependency-management.html"/>
			<item name="Distribution Management" href="distribution-management.html"/>
			<item name="Integration" href="integration.html"/>
			<item name="Issue Tracking" href="issue-tracking.html"/>
			<item name="License" href="license.html"/>
			<item name="Mailing Lists" href="mail-lists.html"/>
			<item name="Modules" href="modules.html"/>
			<item name="Plugins" href="plugins.html"/>
			<item name="Plugin Management" href="plugin-management.html"/>
			<item name="Project Information" href="project-info.html"/>
			<item name="Project Summary" href="project-summary.html"/>
			<item name="Source Repository" href="source-repository.html"/>
			<item name="Team" href="team-list.html"/>
			<item name="Releases" href="/releases/releases.html" collapse="true">
				<item name="Version 1.0.0" href="/releases/version1-0-0.html"/>
			</item>
			<item name="API Docs" href="apidocs/index.html"/>
		</menu>
	</body>
</project>